id,batchid,loss
1, 0,0.005444878474060
1, 10,0.005444878508985
1, 20,0.005320919158098
1, 30,0.005320919174396
1, 40,0.005316022529829
1, 50,0.005298058325480
1, 60,0.005298058334793
1, 70,0.005284470794105
1, 80,0.005265195566766
1, 90,0.005265195600527
1, 100,0.005267071424026
1, 110,0.005267071470592
1, 120,0.005272640329734
1, 130,0.005254429925503
1, 140,0.005254429920846
